CREATE DATABASE  IF NOT EXISTS `proj_no1` /*!40100 DEFAULT CHARACTER SET utf8mb4 COLLATE utf8mb4_0900_ai_ci */ /*!80016 DEFAULT ENCRYPTION='N' */;
USE `proj_no1`;
-- MySQL dump 10.13  Distrib 8.0.45, for Win64 (x86_64)
--
-- Host: localhost    Database: proj_no1
-- ------------------------------------------------------
-- Server version	8.0.45

/*!40101 SET @OLD_CHARACTER_SET_CLIENT=@@CHARACTER_SET_CLIENT */;
/*!40101 SET @OLD_CHARACTER_SET_RESULTS=@@CHARACTER_SET_RESULTS */;
/*!40101 SET @OLD_COLLATION_CONNECTION=@@COLLATION_CONNECTION */;
/*!50503 SET NAMES utf8 */;
/*!40103 SET @OLD_TIME_ZONE=@@TIME_ZONE */;
/*!40103 SET TIME_ZONE='+00:00' */;
/*!40014 SET @OLD_UNIQUE_CHECKS=@@UNIQUE_CHECKS, UNIQUE_CHECKS=0 */;
/*!40014 SET @OLD_FOREIGN_KEY_CHECKS=@@FOREIGN_KEY_CHECKS, FOREIGN_KEY_CHECKS=0 */;
/*!40101 SET @OLD_SQL_MODE=@@SQL_MODE, SQL_MODE='NO_AUTO_VALUE_ON_ZERO' */;
/*!40111 SET @OLD_SQL_NOTES=@@SQL_NOTES, SQL_NOTES=0 */;

--
-- Table structure for table `courier_invoice`
--

DROP TABLE IF EXISTS `courier_invoice`;
/*!40101 SET @saved_cs_client     = @@character_set_client */;
/*!50503 SET character_set_client = utf8mb4 */;
CREATE TABLE `courier_invoice` (
  `awb_code` varchar(50) NOT NULL,
  `order_id` varchar(50) DEFAULT NULL,
  `charged_weight` double DEFAULT NULL,
  `warehouse_pincode` varchar(10) DEFAULT NULL,
  `customer_pincode` text,
  `zone` text,
  `type_of_shipment` text,
  `billing_amount_php` double DEFAULT NULL,
  PRIMARY KEY (`awb_code`),
  KEY `idx_invoice_order` (`order_id`),
  KEY `idx_invoice_pincode` (`warehouse_pincode`),
  CONSTRAINT `courier_invoice_ibfk_1` FOREIGN KEY (`order_id`) REFERENCES `order_report` (`extern_order_no`),
  CONSTRAINT `courier_invoice_ibfk_3` FOREIGN KEY (`warehouse_pincode`) REFERENCES `pincode_zone` (`warehouse_pincode`)
) ENGINE=InnoDB DEFAULT CHARSET=utf8mb4 COLLATE=utf8mb4_0900_ai_ci;
/*!40101 SET character_set_client = @saved_cs_client */;

--
-- Dumping data for table `courier_invoice`
--

LOCK TABLES `courier_invoice` WRITE;
/*!40000 ALTER TABLE `courier_invoice` DISABLE KEYS */;
INSERT INTO `courier_invoice` VALUES ('1091117221940','2001806210',2.92,'121003','140604','b','forward charges',174.5),('1091117222065','2001806226',0.68,'121003','723146','d','forward charges',90.2),('1091117222080','2001806229',0.71,'121003','421204','d','forward charges',90.2),('1091117222124','2001806232',1.3,'121003','507101','d','forward charges',135),('1091117222135','2001806233',0.78,'121003','263139','b','forward charges',61.3),('1091117222146','2001806251',1.27,'121003','743263','d','forward charges',135),('1091117222194','2001806273',1,'121003','486886','d','forward charges',90.2),('1091117222360','2001806304',0.71,'121003','302017','d','forward charges',90.2),('1091117222570','2001806338',0.7,'121003','392150','d','forward charges',90.2),('1091117222931','2001806408',2.5,'121003','532484','d','forward charges',224.6),('1091117223211','2001806446',0.69,'121003','382830','d','forward charges',90.2),('1091117223244','2001806458',1,'121003','143001','b','forward charges',61.3),('1091117223351','2001806471',1.7,'121003','313027','d','forward charges',179.8),('1091117224353','2001806533',0.68,'121003','711303','d','forward charges',90.2),('1091117224611','2001806547',1,'121003','283102','b','forward charges',61.3),('1091117224902','2001806567',1.16,'121003','370201','d','forward charges',135),('1091117225016','2001806575',0.68,'121003','248001','b','forward charges',61.3),('1091117225484','2001806616',1.08,'121003','144001','b','forward charges',89.6),('1091117226221','2001806652',0.69,'121003','403401','d','forward charges',90.2),('1091117226674','2001806733',1.13,'121003','452001','d','forward charges',135),('1091117226711','2001806735',0.69,'121003','721636','d','forward charges',90.2),('1091117226910','2001806726',0.68,'121003','831002','d','forward charges',90.2),('1091117227116','2001806768',1.02,'121003','322201','d','forward charges',135),('1091117227573','2001806776',2.86,'121003','226004','b','forward charges',174.5),('1091117227816','2001806801',1.35,'121003','248001','b','forward charges',89.6),('1091117228133','2001806823',0.59,'121003','314001','d','forward charges',90.2),('1091117228192','2001806828',0.69,'121003','331022','d','forward charges',90.2),('1091117229183','2001806968',0.68,'121003','305801','d','forward charges',90.2),('1091117229290','2001807004',0.68,'121003','410206','d','forward charges',90.2),('1091117229345','2001807012',0.15,'121003','515591','d','forward charges',45.4),('1091117229555','2001806686',0.15,'121003','326502','d','forward charges',45.4),('1091117229776','2001806885',1,'121003','208019','b','forward charges',61.3),('1091117323005','2001807036',1.64,'121003','516503','d','forward charges',179.8),('1091117323112','2001807058',1.15,'121003','140301','b','forward charges',89.6),('1091117323215','2001807084',0.67,'121003','742103','d','forward charges',90.2),('1091117323812','2001807186',0.5,'121003','396001','d','forward charges',45.4),('1091117324011','2001807241',0.79,'121003','341001','d','forward charges',90.2),('1091117324206','2001807290',0.5,'121003','711106','d','forward charges',45.4),('1091117324346','2001807328',2.28,'121003','335502','d','forward charges',224.6),('1091117324394','2001807362',2,'121003','452018','d','forward charges',179.8),('1091117325094','2001807415',1,'121003','208001','b','forward charges',61.3),('1091117326424','2001807785',0.68,'121003','306116','d','forward charges',90.2),('1091117326612','2001807814',0.79,'121003','284001','b','forward charges',61.3),('1091117326925','2001807852',0.74,'121003','311001','d','forward charges',90.2),('1091117327172','2001807931',0.72,'121003','441601','d','forward charges',90.2),('1091117327275','2001807956',1.08,'121003','248006','b','forward charges',89.6),('1091117327312','2001807960',1,'121003','485001','d','forward charges',90.2),('1091117327474','2001807970',4.13,'121003','302019','d','forward charges',403.8),('1091117327496','2001807976',0.7,'121003','400705','d','forward and rto charges',172.8),('1091117327570','2001807981',0.5,'121003','332715','d','forward charges',45.4),('1091117327695','2001807930',0.15,'121003','845438','d','forward charges',45.4),('1091117333100','2001807329',0.73,'121003','302039','d','forward charges',90.2),('1091117333251','2001807613',1.04,'121003','335803','d','forward charges',135),('1091117435005','2001808102',1.28,'121003','463106','d','forward charges',135),('1091117435134','2001808118',0.5,'121003','140301','b','forward charges',33),('1091117435370','2001808207',0.79,'121003','495671','d','forward charges',90.2),('1091117435602','2001808286',0.77,'121003','302031','d','forward charges',90.2),('1091117435661','2001808295',0.2,'121003','673002','e','forward and rto charges',107.3),('1091117436346','2001808475',0.7,'121003','335001','d','forward charges',90.2),('1091117436383','2001808507',0.79,'121003','208002','b','forward charges',61.3),('1091117436464','2001808542',0.86,'121003','416010','d','forward charges',90.2),('1091117436652','2001808585',0.72,'121003','175101','b','forward charges',61.3),('1091117437035','2001808679',0.72,'121003','303903','d','forward charges',90.2),('1091117437050','2001808675',1.2,'121003','226010','b','forward charges',89.6),('1091117437293','2001808739',1.63,'121003','342012','d','forward charges',179.8),('1091117437680','2001808801',0.8,'121003','335001','d','forward charges',90.2),('1091117437864','2001808832',2.47,'121003','334001','d','forward charges',224.6),('1091117437890','2001808837',0.67,'121003','302031','d','forward charges',90.2),('1091117438074','2001808883',0.72,'121003','302012','d','forward charges',90.2),('1091117611501','2001808992',0.72,'121003','342014','d','forward charges',90.2),('1091117613962','2001809270',0.68,'121003','324005','d','forward charges',90.2),('1091117614452','2001809383',0.5,'121003','303702','d','forward and rto charges',86.7),('1091117616121','2001809592',1.5,'121003','244713','b','forward charges',89.6),('1091117795531','2001809794',1.5,'121003','580007','d','forward charges',135),('1091117795623','2001809820',3,'121003','360005','d','forward charges',269.4),('1091117803511','2001809934',0.82,'121003','302001','d','forward charges',90.2),('1091117804200','2001810104',0.76,'121003','334004','d','forward charges',90.2),('1091117804314','2001810125',0.66,'121003','302004','d','forward charges',90.2),('1091117805390','2001810281',0.68,'121003','302018','d','forward charges',90.2),('1091117806263','2001810549',1.86,'121003','302017','d','forward charges',179.8),('1091117807140','2001810697',2.27,'121003','324008','d','forward charges',224.6),('1091117904860','2001811039',0.68,'121003','302020','d','forward charges',90.2),('1091117905022','2001811058',0.72,'121003','302018','d','forward charges',90.2),('1091117957533','2001811153',0.76,'121003','321001','d','forward charges',90.2),('1091117957780','2001811192',1.13,'121003','562110','d','forward and rto charges',258.9),('1091117957942','2001811229',0.6,'121003','324001','d','forward charges',90.2),('1091117958163','2001811306',1.1,'121003','302017','d','forward charges',135),('1091117958395','2001811363',0.59,'121003','321608','d','forward charges',90.2),('1091118001865','2001811466',0.8,'121003','302002','d','forward charges',90.2),('1091118004245','2001811604',0.8,'121003','173212','b','forward charges',61.3),('1091118009786','2001811809',0.5,'121003','311011','d','forward and rto charges',86.7),('1091118442390','2001812195',0.67,'121003','302012','d','forward charges',90.2),('1091118547832','2001812838',0.6,'121003','262405','b','forward and rto charges',102.3),('1091118548333','2001812854',2.94,'121003','306302','d','forward charges',269.4),('1091118551656','2001812941',0.73,'121003','325207','d','forward charges',90.2),('1091118553701','2001813009',1,'121003','313001','d','forward charges',90.2),('1091118591534','2001812650',0.61,'121003','302002','d','forward charges',90.2),('1091118925110','2001814580',0.15,'121003','322255','d','forward and rto charges',86.7),('1091119169701','2001815688',0.2,'121003','302017','d','forward charges',45.4),('1091119367193','2001816131',0.7,'121003','302017','d','forward charges',90.2),('1091119398844','2001816684',0.99,'121003','394210','d','forward and rto charges',172.8),('1091119429202','2001816996',0.5,'121003','335512','d','forward charges',45.4),('1091119630264','2001817160',0.7,'121003','411014','d','forward and rto charges',172.8),('1091120014461','2001818390',0.8,'121003','783301','e','forward and rto charges',213.5),('1091120352712','2001819252',0.3,'121003','174101','b','forward charges',33),('1091120922803','2001820978',0.5,'121003','313301','d','forward charges',45.4),('1091120959015','2001821190',1.2,'121003','486661','d','forward and rto charges',258.9),('1091120959225','2001821185',2.1,'121003','313001','d','forward charges',224.6),('1091120962515','2001821284',0.2,'121003','313001','d','forward charges',45.4),('1091121031745','2001821679',0.2,'121003','307026','d','forward charges',45.4),('1091121034114','2001821742',0.15,'121003','327025','d','forward charges',45.4),('1091121034350','2001821750',0.8,'121003','313333','d','forward charges',90.2),('1091121034641','2001821766',0.2,'121003','313001','d','forward charges',45.4),('1091121183730','2001821995',0.5,'121003','342008','d','forward charges',45.4),('1091121185863','2001821502',0.6,'121003','314401','d','forward charges',90.2),('1091121305541','2001822466',1.1,'121003','342301','d','forward charges',135),('1091121306101','2001820690',0.15,'121003','313003','d','forward charges',45.4),('1091121482593','2001809917',0.6,'121003','831006','d','forward and rto charges',172.8),('1091121485824','2001817093',1.3,'121003','244001','b','forward and rto charges',151.1),('1091121666133','2001823564',0.7,'121003','492001','d','forward and rto charges',172.8),('1091121844806','2001811475',0.5,'121003','173212','b','forward charges',33),('1091121846136','2001811305',0.5,'121003','302020','d','forward charges',45.4),('1091121981575','2001825261',1.6,'121003','517128','d','forward and rto charges',345),('1091122418320','2001827036',1.6,'121003','173213','b','forward charges',117.9);
/*!40000 ALTER TABLE `courier_invoice` ENABLE KEYS */;
UNLOCK TABLES;

--
-- Table structure for table `courier_rates`
--

DROP TABLE IF EXISTS `courier_rates`;
/*!40101 SET @saved_cs_client     = @@character_set_client */;
/*!50503 SET character_set_client = utf8mb4 */;
CREATE TABLE `courier_rates` (
  `fwd_a_fixed` double DEFAULT NULL,
  `fwd_a_additional` double DEFAULT NULL,
  `fwd_b_fixed` double DEFAULT NULL,
  `fwd_b_additional` double DEFAULT NULL,
  `fwd_c_fixed` double DEFAULT NULL,
  `fwd_c_additional` double DEFAULT NULL,
  `fwd_d_fixed` double DEFAULT NULL,
  `fwd_d_additional` double DEFAULT NULL,
  `fwd_e_fixed` double DEFAULT NULL,
  `fwd_e_additional` double DEFAULT NULL,
  `rto_a_fixed` double DEFAULT NULL,
  `rto_a_additional` double DEFAULT NULL,
  `rto_b_fixed` double DEFAULT NULL,
  `rto_b_additional` double DEFAULT NULL,
  `rto_c_fixed` double DEFAULT NULL,
  `rto_c_additional` double DEFAULT NULL,
  `rto_d_fixed` double DEFAULT NULL,
  `rto_d_additional` double DEFAULT NULL,
  `rto_e_fixed` double DEFAULT NULL,
  `rto_e_additional` double DEFAULT NULL
) ENGINE=InnoDB DEFAULT CHARSET=utf8mb4 COLLATE=utf8mb4_0900_ai_ci;
/*!40101 SET character_set_client = @saved_cs_client */;

--
-- Dumping data for table `courier_rates`
--

LOCK TABLES `courier_rates` WRITE;
/*!40000 ALTER TABLE `courier_rates` DISABLE KEYS */;
INSERT INTO `courier_rates` VALUES (29.5,23.6,33,28.3,40.1,38.9,45.4,44.8,56.6,55.5,13.6,23.6,20.5,28.3,31.9,38.9,41.3,44.8,50.7,55.5);
/*!40000 ALTER TABLE `courier_rates` ENABLE KEYS */;
UNLOCK TABLES;

--
-- Temporary view structure for view `inventory_alerts`
--

DROP TABLE IF EXISTS `inventory_alerts`;
/*!50001 DROP VIEW IF EXISTS `inventory_alerts`*/;
SET @saved_cs_client     = @@character_set_client;
/*!50503 SET character_set_client = utf8mb4 */;
/*!50001 CREATE VIEW `inventory_alerts` AS SELECT 
 1 AS `sku`,
 1 AS `quantity_available`,
 1 AS `reorder_point`,
 1 AS `stock_status`*/;
SET character_set_client = @saved_cs_client;

--
-- Table structure for table `order_report`
--

DROP TABLE IF EXISTS `order_report`;
/*!40101 SET @saved_cs_client     = @@character_set_client */;
/*!50503 SET character_set_client = utf8mb4 */;
CREATE TABLE `order_report` (
  `extern_order_no` varchar(50) NOT NULL,
  `sku` varchar(50) NOT NULL,
  `order_qty` double DEFAULT NULL,
  PRIMARY KEY (`extern_order_no`,`sku`),
  KEY `sku` (`sku`),
  CONSTRAINT `order_report_ibfk_1` FOREIGN KEY (`sku`) REFERENCES `sku_master` (`sku`)
) ENGINE=InnoDB DEFAULT CHARSET=utf8mb4 COLLATE=utf8mb4_0900_ai_ci;
/*!40101 SET character_set_client = @saved_cs_client */;

--
-- Dumping data for table `order_report`
--

LOCK TABLES `order_report` WRITE;
/*!40000 ALTER TABLE `order_report` DISABLE KEYS */;
INSERT INTO `order_report` VALUES ('2001806210','8904223816214',1),('2001806210','8904223818874',1),('2001806226','8904223818850',2),('2001806229','8904223818706',1),('2001806229','8904223818850',1),('2001806229','8904223818942',1),('2001806232','8904223818645',6),('2001806232','8904223819147',2),('2001806233','8904223819161',1),('2001806233','8904223819260',1),('2001806251','8904223819161',1),('2001806251','8904223819260',1),('2001806273','8904223818706',1),('2001806273','8904223818850',1),('2001806273','8904223818942',1),('2001806273','8904223819017',1),('2001806304','8904223818706',1),('2001806304','8904223818850',1),('2001806304','8904223818942',1),('2001806338','8904223818706',1),('2001806338','8904223818850',1),('2001806338','8904223818942',1),('2001806408','8904223818874',1),('2001806408','8904223819024',8),('2001806408','8904223819352',1),('2001806408','8904223819437',2),('2001806446','8904223818706',1),('2001806446','8904223818850',1),('2001806446','8904223818942',1),('2001806458','8904223818478',1),('2001806458','8904223819284',1),('2001806471','8904223818683',1),('2001806471','8904223818706',1),('2001806471','8904223818850',1),('2001806471','8904223818942',1),('2001806533','8904223818706',1),('2001806533','8904223818850',1),('2001806533','8904223818942',1),('2001806547','8904223818706',1),('2001806567','8904223815804',1),('2001806567','8904223816214',1),('2001806567','8904223818577',1),('2001806567','8904223818591',1),('2001806567','8904223819024',1),('2001806567','8904223819253',1),('2001806575','8904223818706',1),('2001806575','8904223818850',1),('2001806575','8904223818942',1),('2001806616','8904223818669',1),('2001806616','8904223818683',1),('2001806616','8904223818713',1),('2001806616','8904223818935',1),('2001806616','8904223819024',1),('2001806616','8904223819123',1),('2001806652','8904223818706',1),('2001806652','8904223818850',1),('2001806652','8904223818942',1),('2001806686','8904223819468',1),('2001806726','8904223818706',1),('2001806726','8904223818850',1),('2001806726','8904223818942',1),('2001806733','8904223818430',1),('2001806733','8904223818850',1),('2001806733','8904223819031',1),('2001806733','8904223819468',1),('2001806733','8904223819512',1),('2001806735','8904223818706',1),('2001806735','8904223818850',1),('2001806735','8904223818942',1),('2001806768','8904223819512',4),('2001806776','8904223818638',2),('2001806776','8904223818706',1),('2001806776','8904223819505',1),('2001806801','8904223818683',1),('2001806801','8904223818850',1),('2001806823','8904223818706',1),('2001806828','8904223818706',1),('2001806828','8904223818850',1),('2001806828','8904223818942',1),('2001806885','8904223819499',2),('2001806968','8904223818706',1),('2001806968','8904223818850',1),('2001806968','8904223818942',1),('2001807004','8904223818706',1),('2001807004','8904223818850',1),('2001807004','8904223818942',1),('2001807012','8904223819468',1),('2001807036','8904223819017',1),('2001807036','8904223819024',4),('2001807036','8904223819031',4),('2001807036','8904223819291',4),('2001807058','8904223817273',1),('2001807058','8904223818713',1),('2001807058','8904223818751',1),('2001807058','8904223819239',1),('2001807058','8904223819246',1),('2001807058','8904223819253',1),('2001807084','8904223818706',1),('2001807084','8904223818850',1),('2001807084','8904223818942',1),('2001807186','8904223818706',1),('2001807186','8904223818850',1),('2001807186','8904223818942',1),('2001807241','8904223818706',1),('2001807241','8904223818850',1),('2001807241','8904223819468',1),('2001807290','8904223818706',1),('2001807290','8904223818850',1),('2001807290','8904223818942',1),('2001807328','8904223818997',1),('2001807329','8904223818706',1),('2001807329','8904223818850',1),('2001807329','8904223818942',1),('2001807362','8904223819024',2),('2001807362','8904223819031',2),('2001807362','8904223819291',2),('2001807415','8904223818713',1),('2001807415','8904223818850',2),('2001807415','8904223819024',4),('2001807613','8904223819147',1),('2001807613','8904223819277',1),('2001807613','8904223819468',1),('2001807785','8904223818706',1),('2001807785','8904223818850',1),('2001807785','8904223818942',1),('2001807814','8904223818706',1),('2001807814','8904223818850',1),('2001807814','8904223819468',1),('2001807852','8904223818706',1),('2001807852','8904223818850',1),('2001807852','8904223818942',1),('2001807930','8904223819468',1),('2001807931','8904223818706',1),('2001807931','8904223818850',1),('2001807931','8904223819468',1),('2001807956','8904223818706',1),('2001807956','8904223818850',1),('2001807956','8904223818942',1),('2001807956','8904223819246',2),('2001807960','8904223818669',1),('2001807960','8904223818850',1),('2001807960','8904223819147',1),('2001807960','8904223819505',1),('2001807970','8904223818430',1),('2001807970','8904223819321',1),('2001807976','8904223818669',1),('2001807976','8904223818683',1),('2001807976','8904223818713',1),('2001807976','8904223819468',1),('2001807981','8904223818706',1),('2001807981','8904223818850',1),('2001807981','8904223818942',1),('2001808102','8904223819024',2),('2001808102','8904223819031',2),('2001808102','8904223819161',1),('2001808102','8904223819260',1),('2001808102','8904223819291',2),('2001808102','8904223819468',1),('2001808118','8904223815859',1),('2001808118','8904223817273',1),('2001808118','8904223818751',1),('2001808207','8904223818706',1),('2001808207','8904223818850',1),('2001808207','8904223819468',1),('2001808286','8904223818683',1),('2001808286','8904223818850',1),('2001808286','8904223819468',1),('2001808295','8904223819161',1),('2001808295','8904223819260',1),('2001808475','8904223818706',1),('2001808475','8904223818850',1),('2001808475','8904223818942',1),('2001808507','8904223818706',1),('2001808507','8904223818850',1),('2001808507','8904223819468',1),('2001808542','8904223818706',2),('2001808542','8904223819468',2),('2001808585','8904223818706',1),('2001808585','8904223818850',1),('2001808585','8904223818942',1),('2001808675','8904223815859',1),('2001808675','8904223815866',1),('2001808675','8904223817334',1),('2001808675','8904223818614',1),('2001808675','8904223819369',1),('2001808675','giftbox202001',1),('2001808679','8904223818706',1),('2001808679','8904223818850',1),('2001808679','8904223818942',1),('2001808739','8904223816214',1),('2001808739','8904223818874',1),('2001808801','8904223815682',1),('2001808801','8904223815859',1),('2001808801','8904223815866',2),('2001808801','8904223817273',2),('2001808832','8904223819338',1),('2001808837','8904223818706',1),('2001808837','8904223818850',1),('2001808837','8904223818942',1),('2001808883','8904223818706',1),('2001808883','8904223818850',1),('2001808883','8904223818942',1),('2001808992','8904223818706',1),('2001808992','8904223818850',1),('2001808992','8904223818942',1),('2001809270','8904223818706',1),('2001809270','8904223818850',1),('2001809270','8904223818942',1),('2001809383','8904223818706',1),('2001809383','8904223818850',1),('2001809383','8904223819468',1),('2001809592','8904223818683',2),('2001809592','8904223818706',1),('2001809592','8904223818850',1),('2001809592','8904223819024',8),('2001809794','8904223816214',1),('2001809794','8904223818454',1),('2001809794','8904223818935',1),('2001809794','8904223819116',1),('2001809794','8904223819284',1),('2001809794','8904223819352',1),('2001809794','giftbox202004',1),('2001809820','8904223816214',1),('2001809820','8904223818454',1),('2001809820','8904223818478',1),('2001809820','8904223818706',1),('2001809820','8904223818850',1),('2001809820','8904223818874',1),('2001809820','8904223818881',1),('2001809820','8904223818898',1),('2001809820','8904223818942',1),('2001809820','8904223819024',2),('2001809820','8904223819031',2),('2001809820','8904223819130',1),('2001809820','8904223819277',1),('2001809820','8904223819284',1),('2001809917','8904223819499',1),('2001809917','8904223819505',1),('2001809917','8904223819512',1),('2001809934','8904223818683',1),('2001809934','8904223818850',1),('2001810104','8904223818683',1),('2001810104','8904223818850',1),('2001810104','8904223819468',1),('2001810125','8904223818706',1),('2001810125','8904223818850',1),('2001810125','8904223818942',1),('2001810281','8904223818706',1),('2001810281','8904223818850',1),('2001810281','8904223818942',1),('2001810549','8904223818454',1),('2001810549','8904223818638',2),('2001810549','8904223818669',1),('2001810549','8904223819468',1),('2001810697','8904223818706',1),('2001810697','8904223818850',1),('2001810697','8904223819468',1),('2001811039','8904223818683',1),('2001811039','8904223818706',1),('2001811039','8904223818850',1),('2001811058','8904223818706',1),('2001811058','8904223818850',1),('2001811058','8904223818942',1),('2001811153','8904223818706',1),('2001811153','8904223818850',1),('2001811153','8904223819468',1),('2001811192','8904223816214',1),('2001811192','8904223818874',1),('2001811192','8904223818881',1),('2001811192','8904223819024',2),('2001811192','8904223819031',2),('2001811192','8904223819291',2),('2001811229','8904223818874',1),('2001811229','8904223819345',1),('2001811229','8904223819468',1),('2001811305','8904223816214',1),('2001811305','8904223819499',1),('2001811305','8904223819505',1),('2001811305','8904223819512',1),('2001811306','8904223819147',1),('2001811306','8904223819352',1),('2001811306','8904223819468',1),('2001811306','8904223819543',1),('2001811363','8904223815859',1),('2001811363','8904223815873',1),('2001811363','8904223818751',1),('2001811466','8904223818706',1),('2001811466','8904223818850',1),('2001811466','8904223819468',1),('2001811475','8904223818669',1),('2001811475','8904223818706',1),('2001811475','8904223819031',1),('2001811475','8904223819499',1),('2001811604','8904223816214',1),('2001811604','8904223818669',2),('2001811604','8904223818683',1),('2001811809','8904223818706',1),('2001811809','8904223818850',1),('2001811809','8904223818942',1),('2001812195','8904223818706',1),('2001812195','8904223818850',1),('2001812195','8904223818942',1),('2001812650','8904223819017',1),('2001812650','8904223819031',4),('2001812838','8904223818980',1),('2001812838','8904223819031',4),('2001812854','8904223818478',1),('2001812854','8904223819024',2),('2001812854','8904223819031',2),('2001812854','8904223819130',1),('2001812854','8904223819277',1),('2001812854','8904223819284',1),('2001812854','8904223819291',2),('2001812854','giftbox202003',1),('2001812941','8904223818706',1),('2001812941','8904223818850',1),('2001812941','8904223818942',1),('2001813009','8904223816214',1),('2001813009','8904223818706',1),('2001813009','8904223818850',1),('2001813009','8904223818874',1),('2001813009','8904223818942',1),('2001814580','8904223818706',1),('2001815688','8904223816214',1),('2001815688','8904223818874',1),('2001816131','8904223816665',2),('2001816131','8904223819277',1),('2001816684','8904223816214',2),('2001816684','8904223818874',2),('2001816684','8904223818935',4),('2001816996','8904223818706',1),('2001816996','8904223818850',1),('2001816996','8904223818942',1),('2001817093','8904223816214',1),('2001817093','8904223818553',1),('2001817093','8904223818874',1),('2001817093','8904223818881',1),('2001817093','8904223819024',2),('2001817093','8904223819031',2),('2001817093','8904223819291',2),('2001817093','8904223819512',1),('2001817160','8904223818478',1),('2001817160','8904223819284',1),('2001818390','8904223818683',1),('2001818390','8904223818935',4),('2001818390','8904223819147',1),('2001819252','8904223818706',1),('2001819252','8904223818942',1),('2001819252','sachets001',1),('2001820690','8904223817273',1),('2001820978','8904223815859',1),('2001820978','8904223817501',1),('2001821185','8904223818669',1),('2001821185','8904223818683',2),('2001821185','8904223818850',1),('2001821185','8904223818942',2),('2001821185','8904223819147',1),('2001821185','8904223819239',1),('2001821185','8904223819246',1),('2001821185','8904223819253',1),('2001821190','8904223819321',1),('2001821190','8904223819338',1),('2001821284','8904223818614',1),('2001821284','8904223819024',1),('2001821502','8904223818980',1),('2001821502','8904223819024',2),('2001821502','8904223819031',2),('2001821679','8904223818430',1),('2001821742','8904223819468',1),('2001821750','8904223818430',1),('2001821750','8904223818850',1),('2001821750','8904223819130',1),('2001821766','8904223818591',2),('2001821995','8904223818706',1),('2001821995','8904223819130',1),('2001822466','8904223819291',8),('2001822466','8904223819468',2),('2001823564','8904223819024',2),('2001823564','8904223819031',2),('2001823564','8904223819291',2),('2001825261','8904223818638',3),('2001825261','8904223818669',1),('2001825261','8904223819024',4),('2001825261','8904223819291',4),('2001825261','sachets001',1),('2001827036','8904223818430',1),('2001827036','8904223818638',2),('2001827036','8904223818706',1),('2001827036','8904223819093',1),('2001827036','8904223819109',1),('2001827036','8904223819277',1),('2001827036','giftbox202002',1),('2001827036','sachets001',1);
/*!40000 ALTER TABLE `order_report` ENABLE KEYS */;
UNLOCK TABLES;

--
-- Table structure for table `pincode_zone`
--

DROP TABLE IF EXISTS `pincode_zone`;
/*!40101 SET @saved_cs_client     = @@character_set_client */;
/*!50503 SET character_set_client = utf8mb4 */;
CREATE TABLE `pincode_zone` (
  `warehouse_pincode` varchar(10) NOT NULL,
  `customer_pincode` varchar(10) NOT NULL,
  `zone` text,
  PRIMARY KEY (`warehouse_pincode`,`customer_pincode`)
) ENGINE=InnoDB DEFAULT CHARSET=utf8mb4 COLLATE=utf8mb4_0900_ai_ci;
/*!40101 SET character_set_client = @saved_cs_client */;

--
-- Dumping data for table `pincode_zone`
--

LOCK TABLES `pincode_zone` WRITE;
/*!40000 ALTER TABLE `pincode_zone` DISABLE KEYS */;
INSERT INTO `pincode_zone` VALUES ('121003','140301','b'),('121003','140604','b'),('121003','143001','b'),('121003','144001','b'),('121003','173212','e'),('121003','173213','e'),('121003','174101','e'),('121003','175101','e'),('121003','208001','b'),('121003','208002','b'),('121003','208019','b'),('121003','226004','b'),('121003','226010','b'),('121003','244001','b'),('121003','244713','b'),('121003','248001','b'),('121003','248006','b'),('121003','262405','b'),('121003','263139','b'),('121003','283102','b'),('121003','284001','b'),('121003','302001','b'),('121003','302002','b'),('121003','302004','b'),('121003','302012','b'),('121003','302017','b'),('121003','302018','b'),('121003','302019','b'),('121003','302020','b'),('121003','302031','b'),('121003','302039','b'),('121003','303702','b'),('121003','303903','b'),('121003','305801','b'),('121003','306116','b'),('121003','306302','b'),('121003','307026','b'),('121003','311001','b'),('121003','311011','b'),('121003','313001','b'),('121003','313003','b'),('121003','313027','b'),('121003','313301','b'),('121003','313333','b'),('121003','314001','b'),('121003','314401','b'),('121003','321001','b'),('121003','321608','b'),('121003','322201','b'),('121003','322255','b'),('121003','324001','b'),('121003','324005','b'),('121003','324008','b'),('121003','325207','b'),('121003','326502','d'),('121003','327025','b'),('121003','331022','b'),('121003','332715','b'),('121003','334001','b'),('121003','334004','b'),('121003','335001','b'),('121003','335502','b'),('121003','335512','b'),('121003','335803','b'),('121003','341001','b'),('121003','342008','b'),('121003','342012','b'),('121003','342014','b'),('121003','342301','b'),('121003','360005','d'),('121003','370201','d'),('121003','382830','d'),('121003','392150','d'),('121003','394210','d'),('121003','396001','d'),('121003','400705','d'),('121003','403401','d'),('121003','410206','d'),('121003','411014','d'),('121003','416010','d'),('121003','421204','d'),('121003','441601','d'),('121003','452001','d'),('121003','452018','d'),('121003','463106','d'),('121003','485001','d'),('121003','486661','d'),('121003','486886','d'),('121003','492001','d'),('121003','495671','d'),('121003','507101','d'),('121003','515591','d'),('121003','516503','d'),('121003','517128','d'),('121003','532484','d'),('121003','562110','d'),('121003','580007','d'),('121003','673002','e'),('121003','711106','d'),('121003','711303','d'),('121003','721636','d'),('121003','723146','d'),('121003','742103','d'),('121003','743263','d'),('121003','783301','e'),('121003','831002','d'),('121003','831006','d'),('121003','845438','d');
/*!40000 ALTER TABLE `pincode_zone` ENABLE KEYS */;
UNLOCK TABLES;

--
-- Table structure for table `sku_master`
--

DROP TABLE IF EXISTS `sku_master`;
/*!40101 SET @saved_cs_client     = @@character_set_client */;
/*!50503 SET character_set_client = utf8mb4 */;
CREATE TABLE `sku_master` (
  `sku` varchar(50) NOT NULL,
  `weight_in_grams` double DEFAULT NULL,
  PRIMARY KEY (`sku`)
) ENGINE=InnoDB DEFAULT CHARSET=utf8mb4 COLLATE=utf8mb4_0900_ai_ci;
/*!40101 SET character_set_client = @saved_cs_client */;

--
-- Dumping data for table `sku_master`
--

LOCK TABLES `sku_master` WRITE;
/*!40000 ALTER TABLE `sku_master` DISABLE KEYS */;
INSERT INTO `sku_master` VALUES ('8904223815682',210),('8904223815804',160),('8904223815859',165),('8904223815866',113),('8904223815873',65),('8904223816214',120),('8904223816665',102),('8904223817273',65),('8904223817334',170),('8904223817501',350),('8904223818430',165),('8904223818454',232),('8904223818478',350),('8904223818553',115),('8904223818577',150),('8904223818591',120),('8904223818614',65),('8904223818638',137),('8904223818645',137),('8904223818669',240),('8904223818683',121),('8904223818706',127),('8904223818713',120),('8904223818751',113),('8904223818850',240),('8904223818874',100),('8904223818881',140),('8904223818898',140),('8904223818935',120),('8904223818942',133),('8904223818980',110),('8904223818997',490),('8904223819017',115),('8904223819024',112),('8904223819031',112),('8904223819093',150),('8904223819109',100),('8904223819116',30),('8904223819123',250),('8904223819130',350),('8904223819147',240),('8904223819161',115),('8904223819239',290),('8904223819246',290),('8904223819253',290),('8904223819260',130),('8904223819277',350),('8904223819284',350),('8904223819291',112),('8904223819321',600),('8904223819338',600),('8904223819345',165),('8904223819352',165),('8904223819369',170),('8904223819437',552),('8904223819468',240),('8904223819499',210),('8904223819505',210),('8904223819512',210),('8904223819543',300),('giftbox202001',500),('giftbox202002',500),('giftbox202003',500),('giftbox202004',500),('sachets001',10);
/*!40000 ALTER TABLE `sku_master` ENABLE KEYS */;
UNLOCK TABLES;

--
-- Table structure for table `stock_levels`
--

DROP TABLE IF EXISTS `stock_levels`;
/*!40101 SET @saved_cs_client     = @@character_set_client */;
/*!50503 SET character_set_client = utf8mb4 */;
CREATE TABLE `stock_levels` (
  `sku` varchar(50) NOT NULL,
  `quantity_available` double DEFAULT NULL,
  `reorder_point` double DEFAULT NULL,
  PRIMARY KEY (`sku`),
  CONSTRAINT `stock_levels_ibfk_1` FOREIGN KEY (`sku`) REFERENCES `sku_master` (`sku`)
) ENGINE=InnoDB DEFAULT CHARSET=utf8mb4 COLLATE=utf8mb4_0900_ai_ci;
/*!40101 SET character_set_client = @saved_cs_client */;

--
-- Dumping data for table `stock_levels`
--

LOCK TABLES `stock_levels` WRITE;
/*!40000 ALTER TABLE `stock_levels` DISABLE KEYS */;
INSERT INTO `stock_levels` VALUES ('8904223815682',1,1),('8904223815804',1,1),('8904223815859',5,1),('8904223815866',3,1),('8904223815873',1,1),('8904223816214',13,3),('8904223816665',2,1),('8904223817273',5,1),('8904223817334',1,1),('8904223817501',1,1),('8904223818430',5,1),('8904223818454',3,1),('8904223818478',4,1),('8904223818553',1,1),('8904223818577',1,1),('8904223818591',3,1),('8904223818614',2,1),('8904223818638',9,2),('8904223818645',6,1),('8904223818669',9,2),('8904223818683',14,3),('8904223818706',59,12),('8904223818713',4,1),('8904223818751',3,1),('8904223818850',61,12),('8904223818874',11,2),('8904223818881',3,1),('8904223818898',1,1),('8904223818935',10,2),('8904223818942',41,8),('8904223818980',2,1),('8904223818997',1,1),('8904223819017',3,1),('8904223819024',47,9),('8904223819031',30,6),('8904223819093',1,1),('8904223819109',1,1),('8904223819116',1,1),('8904223819123',1,1),('8904223819130',4,1),('8904223819147',7,1),('8904223819161',4,1),('8904223819239',2,1),('8904223819246',4,1),('8904223819253',3,1),('8904223819260',4,1),('8904223819277',5,1),('8904223819284',5,1),('8904223819291',28,6),('8904223819321',2,1),('8904223819338',2,1),('8904223819345',1,1),('8904223819352',3,1),('8904223819369',1,1),('8904223819437',2,1),('8904223819468',26,5),('8904223819499',5,1),('8904223819505',4,1),('8904223819512',8,2),('8904223819543',1,1),('giftbox202001',1,1),('giftbox202002',1,1),('giftbox202003',1,1),('giftbox202004',1,1),('sachets001',3,1);
/*!40000 ALTER TABLE `stock_levels` ENABLE KEYS */;
UNLOCK TABLES;

--
-- Final view structure for view `inventory_alerts`
--

/*!50001 DROP VIEW IF EXISTS `inventory_alerts`*/;
/*!50001 SET @saved_cs_client          = @@character_set_client */;
/*!50001 SET @saved_cs_results         = @@character_set_results */;
/*!50001 SET @saved_col_connection     = @@collation_connection */;
/*!50001 SET character_set_client      = utf8mb4 */;
/*!50001 SET character_set_results     = utf8mb4 */;
/*!50001 SET collation_connection      = utf8mb4_0900_ai_ci */;
/*!50001 CREATE ALGORITHM=UNDEFINED */
/*!50013 DEFINER=`root`@`localhost` SQL SECURITY DEFINER */
/*!50001 VIEW `inventory_alerts` AS select `s`.`sku` AS `sku`,`sl`.`quantity_available` AS `quantity_available`,`sl`.`reorder_point` AS `reorder_point`,(case when (`sl`.`quantity_available` = 0) then 'OUT OF STOCK' when (`sl`.`quantity_available` <= `sl`.`reorder_point`) then 'REORDER NOW' when (`sl`.`quantity_available` <= (`sl`.`reorder_point` * 1.5)) then 'LOW STOCK' else 'SUFFICIENT' end) AS `stock_status` from (`sku_master` `s` join `stock_levels` `sl` on((`s`.`sku` = `sl`.`sku`))) order by `sl`.`quantity_available` */;
/*!50001 SET character_set_client      = @saved_cs_client */;
/*!50001 SET character_set_results     = @saved_cs_results */;
/*!50001 SET collation_connection      = @saved_col_connection */;
/*!40103 SET TIME_ZONE=@OLD_TIME_ZONE */;

/*!40101 SET SQL_MODE=@OLD_SQL_MODE */;
/*!40014 SET FOREIGN_KEY_CHECKS=@OLD_FOREIGN_KEY_CHECKS */;
/*!40014 SET UNIQUE_CHECKS=@OLD_UNIQUE_CHECKS */;
/*!40101 SET CHARACTER_SET_CLIENT=@OLD_CHARACTER_SET_CLIENT */;
/*!40101 SET CHARACTER_SET_RESULTS=@OLD_CHARACTER_SET_RESULTS */;
/*!40101 SET COLLATION_CONNECTION=@OLD_COLLATION_CONNECTION */;
/*!40111 SET SQL_NOTES=@OLD_SQL_NOTES */;

-- Dump completed on 2026-04-15 11:50:26
